{
  "ruby": "3.4.7",
  "platform": "arm64-darwin25",
  "smarter_csv": "1.17.0",
  "csv": "3.3.5",
  "zsv": "n/a",
  "warmup": 2,
  "iterations": 40,
  "timestamp": "2026-05-06 15:11:26",
  "adapter_labels": {
    "CSV.read (raw arrays)": "CSV.read",
    "CSV.read (raw hashes, string keys)": "CSV.hashes",
    "SmarterCSV.process (C accelerated)": "SmarterCSV/C",
    "SmarterCSV.process (no acceleration)": "SmarterCSV/Rb"
  },
  "smarter_csv_versions": [
    "1.17.0"
  ],
  "version_timings": {
    "1.17.0": {
      "PEOPLE_IMPORT_B.csv": {
        "c": 0.09034399990923703,
        "rb": 0.5239379999693483
      },
      "PEOPLE_IMPORT_C.csv": {
        "c": 0.1863959999755025,
        "rb": 1.3719259998761117
      },
      "PEOPLE_IMPORT_NB.csv": {
        "c": 0.07041100016795099,
        "rb": 0.48512900015339255
      },
      "PEOPLE_IMPORT_NC.csv": {
        "c": 0.07632599980570376,
        "rb": 0.4165220002178103
      },
      "uscities.csv": {
        "c": 0.0843460001051426,
        "rb": 1.1060609999112785
      },
      "uszips.csv": {
        "c": 0.08980900002643466,
        "rb": 1.3673449999187142
      },
      "worldcities.csv": {
        "c": 0.09078099997714162,
        "rb": 1.117587000131607
      },
      "embedded_newlines_20k.csv": {
        "c": 0.05753900017589331,
        "rb": 0.44572399999015033
      },
      "embedded_separators_20k.csv": {
        "c": 0.022329999832436442,
        "rb": 0.28426300012506545
      },
      "heavy_quoting_20k.csv": {
        "c": 0.03727400000207126,
        "rb": 0.5384609999600798
      },
      "long_fields_20k.csv": {
        "c": 0.03858699998818338,
        "rb": 2.628800000064075
      },
      "many_empty_fields_20k.csv": {
        "c": 0.02587200002744794,
        "rb": 0.1738370000384748
      },
      "multi_char_separator_20k.csv": {
        "c": 0.032438999973237514,
        "rb": 0.19166899984702468
      },
      "sample_10M.csv": {
        "c": 0.049913000082597136,
        "rb": 0.23006700002588332
      },
      "sensor_data_50krows_50cols.csv": {
        "c": 0.2574370000511408,
        "rb": 1.8586899999063462
      },
      "tab_separated_20k.tsv": {
        "c": 0.026759000029414892,
        "rb": 0.15794199984520674
      },
      "utf8_multibyte_20k.csv": {
        "c": 0.015244000125676394,
        "rb": 0.11260299989953637
      },
      "whitespace_heavy_20k.csv": {
        "c": 0.02594099985435605,
        "rb": 0.16175500000827014
      },
      "wide_500_cols_20k.csv": {
        "c": 1.2843080000020564,
        "rb": 7.068726999917999
      }
    }
  },
  "results": {
    "PEOPLE_IMPORT_B.csv": {
      "_rows": 50000,
      "CSV.read (raw arrays)": {
        "time": 0.2718480001203716,
        "rows_per_sec": 183926.31168101475
      },
      "CSV.read (raw hashes, string keys)": {
        "time": 0.7750020001549274,
        "rows_per_sec": 64515.962526554395
      },
      "SmarterCSV.process (C accelerated)": {
        "time": 0.06731000007130206,
        "rows_per_sec": 742831.673555706
      },
      "SmarterCSV.process (no acceleration)": {
        "time": 0.5033529999200255,
        "rows_per_sec": 99333.867103095
      }
    },
    "PEOPLE_IMPORT_C.csv": {
      "_rows": 50000,
      "CSV.read (raw arrays)": {
        "time": 1.411088999826461,
        "rows_per_sec": 35433.626090309765
      },
      "CSV.read (raw hashes, string keys)": {
        "time": 8.019868000177667,
        "rows_per_sec": 6234.516577940228
      },
      "SmarterCSV.process (C accelerated)": {
        "time": 0.19074900005944073,
        "rows_per_sec": 262124.57199995348
      },
      "SmarterCSV.process (no acceleration)": {
        "time": 1.4031900002155453,
        "rows_per_sec": 35633.09316081176
      }
    },
    "PEOPLE_IMPORT_NB.csv": {
      "_rows": 50000,
      "CSV.read (raw arrays)": {
        "time": 0.26585900015197694,
        "rows_per_sec": 188069.61574149362
      },
      "CSV.read (raw hashes, string keys)": {
        "time": 0.7602600001264364,
        "rows_per_sec": 65766.97444516963
      },
      "SmarterCSV.process (C accelerated)": {
        "time": 0.0637540000025183,
        "rows_per_sec": 784264.5167052262
      },
      "SmarterCSV.process (no acceleration)": {
        "time": 0.4799669999629259,
        "rows_per_sec": 104173.8286254308
      }
    },
    "PEOPLE_IMPORT_NC.csv": {
      "_rows": 50000,
      "CSV.read (raw arrays)": {
        "time": 0.28595799999311566,
        "rows_per_sec": 174850.8522272632
      },
      "CSV.read (raw hashes, string keys)": {
        "time": 0.9173029998783022,
        "rows_per_sec": 54507.61635646396
      },
      "SmarterCSV.process (C accelerated)": {
        "time": 0.06302900006994605,
        "rows_per_sec": 793285.6295437466
      },
      "SmarterCSV.process (no acceleration)": {
        "time": 0.4131780001334846,
        "rows_per_sec": 121013.21944500094
      }
    },
    "uscities.csv": {
      "_rows": 31257,
      "CSV.read (raw arrays)": {
        "time": 0.5639590001665056,
        "rows_per_sec": 55424.24181681923
      },
      "CSV.read (raw hashes, string keys)": {
        "time": 0.8803069998975843,
        "rows_per_sec": 35506.931108847784
      },
      "SmarterCSV.process (C accelerated)": {
        "time": 0.07885100017301738,
        "rows_per_sec": 396405.87857370096
      },
      "SmarterCSV.process (no acceleration)": {
        "time": 1.1119540000800043,
        "rows_per_sec": 28109.97577035658
      }
    },
    "uszips.csv": {
      "_rows": 33782,
      "CSV.read (raw arrays)": {
        "time": 0.7413780000060797,
        "rows_per_sec": 45566.49914041551
      },
      "CSV.read (raw hashes, string keys)": {
        "time": 1.1604190000798553,
        "rows_per_sec": 29111.898372635453
      },
      "SmarterCSV.process (C accelerated)": {
        "time": 0.09285500016994774,
        "rows_per_sec": 363814.54890065733
      },
      "SmarterCSV.process (no acceleration)": {
        "time": 1.3644910000730306,
        "rows_per_sec": 24757.950032790184
      }
    },
    "worldcities.csv": {
      "_rows": 48059,
      "CSV.read (raw arrays)": {
        "time": 0.6312969999853522,
        "rows_per_sec": 76127.40120912202
      },
      "CSV.read (raw hashes, string keys)": {
        "time": 0.9905840000137687,
        "rows_per_sec": 48515.8250076036
      },
      "SmarterCSV.process (C accelerated)": {
        "time": 0.07939799991436303,
        "rows_per_sec": 605292.3253965516
      },
      "SmarterCSV.process (no acceleration)": {
        "time": 1.0945099999662489,
        "rows_per_sec": 43909.14656008806
      }
    },
    "embedded_newlines_20k.csv": {
      "_rows": 80000,
      "CSV.read (raw arrays)": {
        "time": 0.16928700008429587,
        "rows_per_sec": 472570.2502859894
      },
      "CSV.read (raw hashes, string keys)": {
        "time": 0.22445199987851083,
        "rows_per_sec": 356423.64533754037
      },
      "SmarterCSV.process (C accelerated)": {
        "time": 0.0554150000680238,
        "rows_per_sec": 1443652.438902775
      },
      "SmarterCSV.process (no acceleration)": {
        "time": 0.4450570000335574,
        "rows_per_sec": 179752.2564389909
      }
    },
    "embedded_separators_20k.csv": {
      "_rows": 20000,
      "CSV.read (raw arrays)": {
        "time": 0.13121200003661215,
        "rows_per_sec": 152425.08302913903
      },
      "CSV.read (raw hashes, string keys)": {
        "time": 0.18383999983780086,
        "rows_per_sec": 108790.25248936948
      },
      "SmarterCSV.process (C accelerated)": {
        "time": 0.020631000166758895,
        "rows_per_sec": 969414.9502370915
      },
      "SmarterCSV.process (no acceleration)": {
        "time": 0.2830160001758486,
        "rows_per_sec": 70667.38271890367
      }
    },
    "heavy_quoting_20k.csv": {
      "_rows": 20000,
      "CSV.read (raw arrays)": {
        "time": 0.11668199999257922,