{
  "ruby": "3.4.7",
  "platform": "arm64-darwin25",
  "smarter_csv": "1.16.0",
  "csv": "3.3.5",
  "zsv": "n/a",
  "warmup": 2,
  "iterations": 40,
  "timestamp": "2026-05-06 12:50:33",
  "adapter_labels": {},
  "smarter_csv_versions": [
    "1.14.4",
    "1.15.2",
    "1.16.4",
    "1.17.0"
  ],
  "version_timings": {
    "1.14.4": {
      "PEOPLE_IMPORT_B.csv": {
        "c": 1.6175440000370145,
        "rb": 4.571779000107199
      },
      "PEOPLE_IMPORT_C.csv": {
        "c": 8.034742000047117,
        "rb": 26.01940199988894
      },
      "PEOPLE_IMPORT_NB.csv": {
        "c": 1.562853000126779,
        "rb": 4.499853000044823
      },
      "PEOPLE_IMPORT_NC.csv": {
        "c": 1.4678680000361055,
        "rb": 4.323286999948323
      },
      "uscities.csv": {
        "c": 1.0356999998912215,
        "rb": 2.6702270000241697
      },
      "uszips.csv": {
        "c": 1.2418649999890476,
        "rb": 3.1852990000043064
      },
      "worldcities.csv": {
        "c": 1.042022000066936,
        "rb": 2.839661000063643
      },
      "embedded_newlines_20k.csv": {
        "c": 0.5336829998996109,
        "rb": 0.9578249999321997
      },
      "embedded_separators_20k.csv": {
        "c": 0.2761099999770522,
        "rb": 0.7074270001612604
      },
      "heavy_quoting_20k.csv": {
        "c": 0.5129260001704097,
        "rb": 1.4360970000270754
      },
      "long_fields_20k.csv": {
        "c": 2.9214759999886155,
        "rb": 8.871527000097558
      },
      "many_empty_fields_20k.csv": {
        "c": 0.38852100004442036,
        "rb": 0.8634909999091178
      },
      "multi_char_separator_20k.csv": {
        "c": 0.5304990001022816,
        "rb": 1.4172490001656115
      },
      "sample_10M.csv": {
        "c": 0.45132100000046194,
        "rb": 1.0546599999070168
      },
      "sensor_data_50krows_50cols.csv": {
        "c": 3.8704150000121444,
        "rb": 8.944507000036538
      },
      "tab_separated_20k.tsv": {
        "c": 0.4496130000334233,
        "rb": 1.266431000083685
      },
      "utf8_multibyte_20k.csv": {
        "c": 0.22331000003032386,
        "rb": 0.6484190002083778
      },
      "whitespace_heavy_20k.csv": {
        "c": 0.5244279999751598,
        "rb": 1.5512739999685436
      },
      "wide_500_cols_20k.csv": {
        "c": 17.347724999999627,
        "rb": 44.57823499990627
      }
    },
    "1.15.2": {
      "PEOPLE_IMPORT_B.csv": {
        "c": 0.10488600004464388,
        "rb": 0.5634790000040084
      },
      "PEOPLE_IMPORT_C.csv": {
        "c": 0.2054840000346303,
        "rb": 2.551123999990523
      },
      "PEOPLE_IMPORT_NB.csv": {
        "c": 0.09940800000913441,
        "rb": 0.5268049999140203
      },
      "PEOPLE_IMPORT_NC.csv": {
        "c": 0.0854740000795573,
        "rb": 0.5751570002175868
      },
      "uscities.csv": {
        "c": 0.11294299992732704,
        "rb": 1.8124260001350194
      },
      "uszips.csv": {
        "c": 0.11211200011894107,
        "rb": 2.164126999909058
      },
      "worldcities.csv": {
        "c": 0.11744199995882809,
        "rb": 1.897776999976486
      },
      "embedded_newlines_20k.csv": {
        "c": 0.06326199998147786,
        "rb": 0.462881000014022
      },
      "embedded_separators_20k.csv": {
        "c": 0.03283099993132055,
        "rb": 0.45352000021375716
      },
      "heavy_quoting_20k.csv": {
        "c": 0.05605400004424155,
        "rb": 0.8598370000254363
      },
      "long_fields_20k.csv": {
        "c": 0.1082230000756681,
        "rb": 4.783923000097275
      },
      "many_empty_fields_20k.csv": {
        "c": 0.03136900020763278,
        "rb": 0.2520620001014322
      },
      "multi_char_separator_20k.csv": {
        "c": 0.033961999928578734,
        "rb": 0.24625000008381903
      },
      "sample_10M.csv": {
        "c": 0.0619399999268353,
        "rb": 0.2387560000643134
      },
      "sensor_data_50krows_50cols.csv": {
        "c": 0.27142599993385375,
        "rb": 1.8245809997897595
      },
      "tab_separated_20k.tsv": {
        "c": 0.033672000048682094,
        "rb": 0.15956499986350536
      },
      "utf8_multibyte_20k.csv": {
        "c": 0.020958000095561147,
        "rb": 0.11242500017397106
      },
      "whitespace_heavy_20k.csv": {
        "c": 0.03493200009688735,
        "rb": 0.16128200013190508
      },
      "wide_500_cols_20k.csv": {
        "c": 1.2804899998009205,
        "rb": 7.202345000114292
      }
    },
    "1.16.4": {
      "PEOPLE_IMPORT_B.csv": {
        "c": 0.08666699985042214,
        "rb": 0.5271960000973195
      },
      "PEOPLE_IMPORT_C.csv": {
        "c": 0.17629100009799004,
        "rb": 1.340074999956414
      },
      "PEOPLE_IMPORT_NB.csv": {
        "c": 0.06941199977882206,
        "rb": 0.47567799990065396
      },
      "PEOPLE_IMPORT_NC.csv": {
        "c": 0.0711030000820756,
        "rb": 0.3988690001424402
      },
      "uscities.csv": {
        "c": 0.08782900008372962,
        "rb": 1.0662120000924915
      },
      "uszips.csv": {
        "c": 0.08795600011944771,
        "rb": 1.333202000008896
      },
      "worldcities.csv": {
        "c": 0.08610700001008809,
        "rb": 1.0910340000409633
      },
      "embedded_newlines_20k.csv": {
        "c": 0.0591370000038296,
        "rb": 0.4290780001319945
      },
      "embedded_separators_20k.csv": {
        "c": 0.021499000024050474,
        "rb": 0.27475400012917817
      },
      "heavy_quoting_20k.csv": {
        "c": 0.03641299996525049,
        "rb": 0.524134999839589
      },
      "long_fields_20k.csv": {
        "c": 0.04644399997778237,
        "rb": 2.5695899999700487
      },
      "many_empty_fields_20k.csv": {
        "c": 0.02403900003992021,
        "rb": 0.16799300001002848
      },
      "multi_char_separator_20k.csv": {
        "c": 0.027202999917790294,
        "rb": 0.1853430001065135
      },
      "sample_10M.csv": {
        "c": 0.047981000039726496,
        "rb": 0.22379900002852082
      },
      "sensor_data_50krows_50cols.csv": {
        "c": 0.25591500010341406,
        "rb": 1.8348090001381934
      },
      "tab_separated_20k.tsv": {
        "c": 0.02549000014550984,
        "rb": 0.1552559998817742
      },
      "utf8_multibyte_20k.csv": {
        "c": 0.015159999951720238,
        "rb": 0.1067580000963062
      },
      "whitespace_heavy_20k.csv": {
        "c": 0.02500799996778369,
        "rb": 0.16536700003780425
      },
      "wide_500_cols_20k.csv": {
        "c": 1.2797689998988062,
        "rb": 6.974756000097841
      }
    },
    "1.17.0": {
      "PEOPLE_IMPORT_B.csv": {
        "c": 0.08722999994643033,
        "rb": 0.4971169999334961
      },
      "PEOPLE_IMPORT_C.csv": {
        "c": 0.17457399982959032,
        "rb": 1.3327910001389682
      },
      "PEOPLE_IMPORT_NB.csv": {
        "c": 0.07077400013804436,
        "rb": 0.47909900010563433
      },
      "PEOPLE_IMPORT_NC.csv": {
        "c": 0.07046799990348518,
        "rb": 0.40173900010995567
      },
      "uscities.csv": {
        "c": 0.0819480000063777,
        "rb": 1.094412999926135
      },
      "uszips.csv": {
        "c": 0.08789599989540875,
        "rb": 1.3433990001212806
      },
      "worldcities.csv": {
        "c": 0.07725100009702146,
        "rb": 1.0909479998517781
      },
      "embedded_newlines_20k.csv": {
        "c": 0.054463999811559916,
        "rb": 0.4314160000067204
      },
      "embedded_separators_20k.csv": {
        "c": 0.021403999999165535,
        "rb": 0.2748049998190254
      },
      "heavy_quoting_20k.csv": {
        "c": 0.03576899995096028,
        "rb": 0.5273309999611229
      },
      "long_fields_20k.csv": {
        "c": 0.03919399995356798,
        "rb": 2.5624400000087917
      },
      "many_empty_fields_20k.csv": {
        "c": 0.026240000035613775,
        "rb": 0.16636699996888638
      },
      "multi_char_separator_20k.csv": {
        "c": 0.029637000057846308,
        "rb": 0.18785599991679192
      },